{"cameraMode":{"drawMode":0,"name":"Shaded","section":"Shading Mode"},"sceneLighting":true,"audioPlay":false,"sceneViewState":{"m_AlwaysRefresh":false,"showFog":true,"showSkybox":true,"showFlares":true,"showImageEffects":true,"showParticleSystems":true,"showVisualEffectGraphs":true,"m_FxEnabled":true},"in2DMode":false,"pivot":{"x":-6.097830772399902,"y":-21.493160247802736,"z":14.003684997558594},"rotation":{"x":-0.0017768688267096878,"y":0.9060862064361572,"z":-0.42303985357284548,"w":-0.0038057665806263687},"size":40.08076095581055,"orthographic":false}