{"cameraMode":{"drawMode":0,"name":"Shaded","section":"Shading Mode"},"sceneLighting":true,"audioPlay":false,"sceneViewState":{"m_AlwaysRefresh":false,"showFog":true,"showSkybox":true,"showFlares":true,"showImageEffects":true,"showParticleSystems":true,"showVisualEffectGraphs":true,"m_FxEnabled":true},"in2DMode":false,"pivot":{"x":-6.239706039428711,"y":-64.6939697265625,"z":62.17990493774414},"rotation":{"x":0.4700101912021637,"y":-0.0023633851669728758,"z":0.0012843776494264603,"w":0.882652223110199},"size":57.787288665771487,"orthographic":false}