{"cameraMode":{"drawMode":0,"name":"Shaded","section":"Shading Mode"},"sceneLighting":true,"audioPlay":false,"sceneViewState":{"m_AlwaysRefresh":false,"showFog":true,"showSkybox":true,"showFlares":true,"showImageEffects":true,"showParticleSystems":true,"showVisualEffectGraphs":true,"m_FxEnabled":true},"in2DMode":false,"pivot":{"x":-2.246805429458618,"y":-58.75566864013672,"z":-3.873162269592285},"rotation":{"x":0.0018715239129960538,"y":-0.8513110280036926,"z":0.5246495604515076,"w":0.003083227900788188},"size":61.105072021484378,"orthographic":false}